"Time&Date","$Flags$","mass0","mass1","mass2","mass3","mass4","mass5","mass6","mass7","mass8","mass9","mass10","mass11","mass12","mass13","mass14","mass15","mass16","mass17","mass18","mass19","mass20","mass21","mass22","mass23","mass24","mass25","mass26","mass27","mass28","mass29","mass30","mass31","mass32","mass33","mass34","mass35","mass36","mass37","mass38","mass39","mass40","mass41","mass42","mass43","mass44","mass45","mass46","mass47","mass48","mass49","mass50","mass51","mass52","mass53","mass54","mass55","mass56","mass57","mass58","mass59","mass60","mass61","mass62","mass63","mass64","mass65","mass66","mass67","mass68","mass69","mass70","mass71","mass72","mass73","mass74","mass75","mass76","mass77","mass78","mass79","mass80","mass81","mass82","mass83","mass84","mass85","mass86","mass87","mass88","mass89","mass90","mass91","mass92","mass93","mass94","mass95","mass96","mass97","mass98","mass99","mass100","mass101","mass102","mass103","mass104","mass105","mass106","mass107","mass108","mass109","mass110","mass111","mass112","mass113","mass114","mass115","mass116","mass117","mass118","mass119","mass120",                                                                                                                                                                                                                                                                                                                                                                                                                                                                                                                                                                                                                                                                                                                                                                                                                                                                                                                                                                                                                                                                                                                                                                                                                                                                                                                                                                                                                                                                                                                                                                                                                                                                                                                                                                                                                                                                                                                                                                                                                                                                                                                                                                                                                                                                                                                                                                                                                                                                                                                                                                                                                                                                                                                                                                                                                                                                                                                                                                                                                                                                                                                                                                                                                                                                                                                                                                                                                                                                                                                                                                                                                                                                                                                                                                                                                                                                                                                                                                                                                                                                                                                                                                                                                                                                                                                                                                                                                                                                                                                                                                                                                                                                                                                                                                                                                                                                                                                                                                                                                                                                                                                                                                                                                                                                                                                                                                                                                                                                                                                                                                                                                                                                                                                                                                                                                                                                                                                                                                                                                                                                                                                                                                                                                                                                                                                                                                                                                                                                                                                                                                                                                                                                                                                                                                                                                                                                                                                                                                                                                                                                                                                                                                                                                                                                                                                                                              
2018/08/28 16:16:31.47,"",0.0,0.0,0.0,0.0,0.0,0.0,0.0,0.0,0.0,0.0,7.6516E-15,5.6314E-15,1.5227E-14,1.1692E-14,1.9991E-11,6.1186E-14,6.3308E-12,2.7318E-12,1.1817E-11,2.1793E-14,8.9502E-13,1.7247E-14,1.6742E-14,1.5732E-14,1.5732E-14,9.1667E-15,5.1263E-15,6.6237E-14,5.2354E-10,3.8808E-12,1.5361E-13,2.0277E-14,1.215E-10,1.1118E-13,5.2078E-13,0.0,4.5025E-14,6.1364E-15,1.2702E-14,8.6617E-15,1.0631E-11,0.0,6.6415E-15,8.1566E-15,4.5664E-13,1.1692E-14,9.1667E-15,6.6415E-15,3.6112E-15,0.0,4.6213E-15,6.1364E-15,3.6112E-15,9.1667E-15,4.1162E-15,7.1465E-15,3.6112E-15,0.0,-4.4697E-15,3.1061E-15,5.1263E-15,7.1465E-15,0.0,0.0,9.6718E-15,0.0,3.1061E-15,2.6011E-15,8.6617E-15,1.0176E-14,5.1263E-15,5.6314E-15,8.1566E-15,7.5799E-17,9.6718E-15,1.0859E-15,0.0,0.0,0.0,0.0,0.0,0.0,0.0,0.0,0.0,0.0,0.0,0.0,0.0,0.0,0.0,0.0,0.0,0.0,0.0,0.0,0.0,0.0,0.0,0.0,0.0,0.0,0.0,0.0,0.0,0.0,0.0,0.0,0.0,0.0,0.0,0.0,0.0,0.0,0.0,0.0,0.0,0.0,0.0,0.0,0.0,
2018/08/28 16:16:56.76,"",0.0,0.0,0.0,0.0,0.0,0.0,0.0,0.0,0.0,0.0,1.63E-15,5.6314E-15,1.6276E-14,1.1692E-14,2.0143E-11,6.2741E-14,6.3723E-12,2.9001E-12,1.255E-11,1.7791E-14,8.9102E-13,1.8801E-14,2.1832E-14,1.5732E-14,1.072E-14,1.3246E-14,1.3246E-14,6.2741E-14,5.2408E-10,3.8789E-12,1.4657E-13,2.0277E-14,1.2161E-10,1.1223E-13,5.2334E-13,0.0,4.0518E-14,7.1855E-15,1.5266E-14,8.6617E-15,1.0626E-11,0.0,9.7108E-15,3.1451E-15,4.4556E-13,1.1692E-14,5.1653E-15,6.6415E-15,6.6805E-15,8.1956E-15,6.1754E-15,2.6401E-15,5.6704E-15,5.6704E-15,4.1162E-15,7.1465E-15,5.1653E-15,8.7007E-15,8.7007E-15,1.1249E-15,-3.4205E-15,4.6603E-15,6.6805E-15,6.1754E-15,5.1653E-15,0.0,3.1061E-15,2.6011E-15,4.6603E-15,6.1987E-16,-3.4205E-15,2.6401E-15,-2.9155E-15,5.1653E-15,3.6502E-15,6.1754E-15,0.0,0.0,0.0,0.0,0.0,0.0,0.0,0.0,0.0,0.0,0.0,0.0,0.0,0.0,0.0,0.0,0.0,0.0,0.0,0.0,0.0,0.0,0.0,0.0,0.0,0.0,0.0,0.0,0.0,0.0,0.0,0.0,0.0,0.0,0.0,0.0,0.0,0.0,0.0,0.0,0.0,0.0,0.0,0.0,0.0,
2018/08/28 16:17:22.68,"",0.0,0.0,0.0,0.0,0.0,0.0,0.0,0.0,0.0,0.0,7.7261E-15,3.6857E-15,1.2776E-14,6.716E-15,2.0134E-11,6.0756E-14,6.3602E-12,2.9445E-12,1.2758E-11,2.0857E-14,8.9358E-13,1.9847E-14,1.8837E-14,1.4291E-14,1.072E-14,1.0756E-14,8.2311E-15,6.5806E-14,5.2326E-10,3.887E-12,1.5267E-13,1.8332E-14,1.2146E-10,1.1223E-13,5.158E-13,7.221E-15,4.0518E-14,8.2311E-15,1.0756E-14,5.2008E-15,1.0622E-11,6.2109E-15,1.2776E-14,3.1451E-15,4.3499E-13,1.6311E-14,8.7362E-15,6.6415E-15,-3.5475E-16,1.6654E-15,3.1806E-15,6.2109E-15,3.1806E-15,1.6654E-15,2.1705E-15,4.1907E-15,6.716E-15,1.1604E-15,1.1604E-15,6.2109E-15,2.6755E-15,4.6603E-15,3.6857E-15,6.1754E-15,5.1653E-15,3.1806E-15,1.1604E-15,3.6857E-15,7.7261E-15,5.2008E-15,4.1907E-15,3.6857E-15,1.0756E-14,7.221E-15,8.7362E-15,3.6857E-15,0.0,0.0,0.0,0.0,0.0,0.0,0.0,0.0,0.0,0.0,0.0,0.0,0.0,0.0,0.0,0.0,0.0,0.0,0.0,0.0,0.0,0.0,0.0,0.0,0.0,0.0,0.0,0.0,0.0,0.0,0.0,0.0,0.0,0.0,0.0,0.0,0.0,0.0,0.0,0.0,0.0,0.0,0.0,0.0,0.0,
2018/08/28 16:17:48.60,"",0.0,0.0,0.0,0.0,0.0,0.0,0.0,0.0,0.0,0.0,2.1568E-15,9.2275E-15,1.2776E-14,9.2275E-15,2.0132E-11,6.0756E-14,6.3703E-12,2.9693E-12,1.2858E-11,1.9833E-14,8.9104E-13,9.7326E-15,1.7813E-14,1.2762E-14,1.5288E-14,1.4783E-14,1.1752E-14,6.5806E-14,5.241E-10,3.887E-12,1.5064E-13,1.8332E-14,1.216E-10,1.0619E-13,5.2235E-13,2.6619E-15,3.9025E-14,5.1871E-15,1.3773E-14,5.2008E-15,1.0647E-11,6.2109E-15,6.1972E-15,3.1451E-15,4.3801E-13,6.1972E-15,5.1871E-15,6.6415E-15,6.1972E-15,4.177E-15,1.6518E-15,5.1871E-15,7.7124E-15,4.6821E-15,5.6922E-15,4.1907E-15,1.1247E-14,6.1972E-15,7.2073E-15,-3.9038E-15,2.6755E-15,6.1972E-15,3.6857E-15,1.6518E-15,3.1669E-15,6.1972E-15,4.6821E-15,6.1972E-15,7.7261E-15,5.2008E-15,7.2073E-15,3.6857E-15,5.1871E-15,8.7225E-15,2.6619E-15,6.4168E-16,0.0,0.0,0.0,0.0,0.0,0.0,0.0,0.0,0.0,0.0,0.0,0.0,0.0,0.0,0.0,0.0,0.0,0.0,0.0,0.0,0.0,0.0,0.0,0.0,0.0,0.0,0.0,0.0,0.0,0.0,0.0,0.0,0.0,0.0,0.0,0.0,0.0,0.0,0.0,0.0,0.0,0.0,0.0,0.0,0.0,
2018/08/28 16:18:14.45,"",0.0,0.0,0.0,0.0,0.0,0.0,0.0,0.0,0.0,0.0,2.1568E-15,4.5319E-15,1.4632E-14,9.2275E-15,1.9788E-11,5.9077E-14,6.256E-12,2.905E-12,1.2574E-11,2.3218E-14,8.722E-13,1.3622E-14,1.9683E-14,1.5643E-14,1.5288E-14,9.5824E-15,6.5521E-15,6.1602E-14,5.1455E-10,3.8222E-12,1.5064E-13,2.2713E-14,1.1942E-10,1.0958E-13,5.2069E-13,-1.3525E-17,3.3824E-14,3.5218E-15,9.5824E-15,5.2008E-15,1.0448E-11,5.037E-15,6.1972E-15,8.5723E-15,4.323E-13,1.5643E-14,1.0087E-14,5.542E-15,6.1972E-15,2.5117E-15,4.0269E-15,3.0168E-15,3.0168E-15,3.5218E-15,4.0269E-15,8.0673E-15,9.0774E-15,6.1972E-15,5.037E-15,5.037E-15,5.542E-15,1.5016E-15,3.6857E-15,1.6518E-15,3.1669E-15,-1.3525E-17,7.5622E-15,6.1972E-15,4.5319E-15,7.5622E-15,1.7663E-14,2.6249E-14,7.0572E-15,8.7225E-15,2.6619E-15,6.4168E-16,0.0,0.0,0.0,0.0,0.0,0.0,0.0,0.0,0.0,0.0,0.0,0.0,0.0,0.0,0.0,0.0,0.0,0.0,0.0,0.0,0.0,0.0,0.0,0.0,0.0,0.0,0.0,0.0,0.0,0.0,0.0,0.0,0.0,0.0,0.0,0.0,0.0,0.0,0.0,0.0,0.0,0.0,0.0,0.0,0.0,
2018/08/28 16:18:40.35,"",0.0,0.0,0.0,0.0,0.0,0.0,0.0,0.0,0.0,0.0,4.4413E-15,4.5319E-15,1.3027E-14,9.2275E-15,2.05E-11,6.9592E-14,6.4332E-12,2.9958E-12,1.3016E-11,2.3218E-14,9.3423E-13,9.4918E-15,2.3633E-14,1.5643E-14,1.2017E-14,1.1512E-14,2.2623E-14,2.1858E-13,5.3999E-10,4.2392E-12,1.6656E-13,2.2713E-14,1.2562E-10,1.1353E-13,5.3625E-13,7.9767E-15,4.232E-14,1.3532E-14,2.3633E-14,1.5393E-13,1.1044E-11,4.5848E-13,2.2918E-13,8.2565E-13,5.0848E-13,1.4037E-14,4.9464E-15,8.9868E-15,7.4716E-15,5.9565E-15,9.9969E-15,1.9592E-14,9.4918E-15,4.0299E-14,2.8683E-14,1.8676E-13,4.1656E-13,5.4232E-13,2.5653E-14,6.9666E-15,4.4413E-15,9.9969E-15,6.4615E-15,5.9565E-15,7.9767E-15,9.4918E-15,5.4514E-15,1.8077E-14,1.6057E-14,6.6562E-14,3.1706E-13,6.4484E-13,3.9794E-14,5.4514E-15,5.9565E-15,5.4514E-15,0.0,0.0,0.0,0.0,0.0,0.0,0.0,0.0,0.0,0.0,0.0,0.0,0.0,0.0,0.0,0.0,0.0,0.0,0.0,0.0,0.0,0.0,0.0,0.0,0.0,0.0,0.0,0.0,0.0,0.0,0.0,0.0,0.0,0.0,0.0,0.0,0.0,0.0,0.0,0.0,0.0,0.0,0.0,0.0,0.0,
2018/08/28 16:19:06.20,"",0.0,0.0,0.0,0.0,0.0,0.0,0.0,0.0,0.0,0.0,-5.0788E-16,4.5319E-15,1.8684E-14,7.0679E-15,2.0753E-11,8.737E-14,6.4732E-12,3.1499E-12,1.3662E-11,1.9694E-14,9.5807E-13,1.2118E-14,1.8179E-14,1.0603E-14,1.0098E-14,7.0679E-15,3.2825E-14,4.3787E-13,5.4824E-10,4.6025E-12,1.6969E-13,2.0704E-14,1.2753E-10,1.1767E-13,5.4393E-13,9.0881E-15,4.232E-14,1.5148E-14,3.1815E-14,2.6312E-13,1.1222E-11,7.9949E-13,4.0252E-13,1.4681E-12,5.4242E-13,8.583E-15,4.9464E-15,8.9868E-15,3.0275E-15,2.0174E-15,9.9969E-15,2.0704E-14,1.4138E-14,4.5956E-14,3.535E-14,2.6464E-13,5.909E-13,7.9444E-13,3.6865E-14,8.583E-15,9.5931E-15,7.5729E-15,3.5325E-15,1.1108E-14,5.5527E-15,1.2118E-14,1.0098E-14,2.4239E-14,1.7168E-14,7.929E-14,4.0353E-13,8.3939E-13,5.2017E-14,5.4514E-15,5.9565E-15,7.0679E-15,0.0,0.0,0.0,0.0,0.0,0.0,0.0,0.0,0.0,0.0,0.0,0.0,0.0,0.0,0.0,0.0,0.0,0.0,0.0,0.0,0.0,0.0,0.0,0.0,0.0,0.0,0.0,0.0,0.0,0.0,0.0,0.0,0.0,0.0,0.0,0.0,0.0,0.0,0.0,0.0,0.0,0.0,0.0,0.0,0.0,
2018/08/28 16:19:32.05,"",0.0,0.0,0.0,0.0,0.0,0.0,0.0,0.0,0.0,0.0,1.4667E-15,6.5172E-15,1.7628E-14,1.1567E-14,2.0849E-11,8.737E-14,6.4827E-12,3.1954E-12,1.3915E-11,2.5204E-14,9.7419E-13,1.2118E-14,1.6113E-14,1.0603E-14,9.0424E-15,1.7123E-14,3.985E-14,4.757E-13,5.5194E-10,4.6822E-12,1.6762E-13,1.8133E-14,1.2799E-10,1.1459E-13,5.4894E-13,2.9818E-15,4.232E-14,1.3587E-14,2.8234E-14,2.7974E-13,1.1261E-11,8.3985E-13,4.1813E-13,1.562E-12,5.3732E-13,1.3587E-14,2.4768E-15,9.6161E-16,5.002E-15,4.497E-15,9.9969E-15,2.2173E-14,1.1062E-14,4.3385E-14,3.535E-14,2.6813E-13,5.9439E-13,8.1257E-13,4.389E-14,3.9919E-15,2.4768E-15,7.5729E-15,3.5325E-15,6.0121E-15,9.0424E-15,7.5273E-15,6.5172E-15,2.2173E-14,1.5103E-14,8.3284E-14,4.0197E-13,8.2823E-13,5.2017E-14,9.5475E-15,9.6161E-16,3.4869E-15,0.0,0.0,0.0,0.0,0.0,0.0,0.0,0.0,0.0,0.0,0.0,0.0,0.0,0.0,0.0,0.0,0.0,0.0,0.0,0.0,0.0,0.0,0.0,0.0,0.0,0.0,0.0,0.0,0.0,0.0,0.0,0.0,0.0,0.0,0.0,0.0,0.0,0.0,0.0,0.0,0.0,0.0,0.0,0.0,0.0,
2018/08/28 16:20:11.69,"",0.0,0.0,0.0,0.0,0.0,0.0,0.0,0.0,0.0,0.0,1.7422E-15,2.7523E-15,0.0,0.0,2.0947E-11,8.76E-14,0.0,3.2153E-12,1.4004E-11,1.8913E-14,9.7901E-13,7.8028E-15,1.8408E-14,0.0,1.5883E-14,1.0833E-14,3.8105E-14,4.3356E-13,5.5461E-10,4.6305E-12,0.0,2.3964E-14,1.2869E-10,1.1032E-13,5.5073E-13,5.7826E-15,3.8105E-14,1.1843E-14,2.2954E-14,2.4467E-13,1.1326E-11,7.3305E-13,3.6941E-13,1.3461E-12,5.3103E-13,9.318E-15,1.2372E-15,3.2574E-15,6.2877E-15,0.0,1.4368E-14,1.5883E-14,7.2978E-15,3.76E-14,0.0,2.2749E-13,5.1891E-13,6.9517E-13,3.6085E-14,0.0,3.7624E-15,-1.2881E-15,0.0,7.3211E-16,5.7826E-15,3.2574E-15,1.7422E-15,0.0,1.3863E-14,6.4368E-14,3.376E-13,6.9315E-13,4.3661E-14,3.2574E-15,5.7826E-15,1.2372E-15,2.2473E-15,4.7725E-15,4.2675E-15,1.0328E-14,2.2473E-15,1.2853E-14,2.7523E-15,1.3358E-14,3.7624E-15,3.2045E-14,6.7927E-15,3.7624E-15,5.7826E-15,7.3211E-16,5.2776E-15,0.0,0.0,0.0,0.0,0.0,0.0,0.0,0.0,0.0,0.0,0.0,0.0,0.0,0.0,0.0,0.0,0.0,0.0,0.0,0.0,0.0,0.0,0.0,0.0,0.0,0.0,0.0,0.0,0.0,0.0,
2018/08/28 16:20:42.63,"",0.0,0.0,0.0,0.0,0.0,0.0,0.0,0.0,0.0,0.0,5.7373E-16,2.7523E-15,1.7745E-14,8.6545E-15,2.1037E-11,7.6836E-14,6.5096E-12,3.2273E-12,1.4054E-11,1.32E-14,9.8946E-13,2.0889E-15,9.6646E-15,1.1179E-14,1.5883E-14,8.1495E-15,3.2391E-14,3.7835E-13,5.5667E-10,4.5722E-12,1.5562E-13,1.7745E-14,1.2929E-10,1.132E-13,5.4956E-13,4.6141E-15,3.9462E-14,1.1843E-14,2.0775E-14,2.0663E-13,1.1363E-11,6.2027E-13,3.0461E-13,1.1243E-12,5.2279E-13,9.318E-15,1.2372E-15,6.1293E-15,3.604E-15,0.0,6.1293E-15,1.724E-14,1.2189E-14,3.5927E-14,3.1381E-14,1.9703E-13,4.3693E-13,5.7077E-13,3.2897E-14,2.0889E-15,6.1293E-15,-1.2881E-15,8.1495E-15,6.1293E-15,6.8677E-17,9.6646E-15,3.099E-15,1.9765E-14,1.3863E-14,5.9664E-14,2.8188E-13,5.7178E-13,3.2897E-14,3.2574E-15,1.0788E-15,5.7373E-16,1.0788E-15,2.5939E-15,1.0674E-14,2.5939E-15,5.1192E-15,1.5725E-14,2.7523E-15,1.3358E-14,3.7624E-15,3.2045E-14,8.1495E-15,3.7624E-15,1.5838E-15,7.3211E-16,6.8677E-17,0.0,0.0,0.0,0.0,0.0,0.0,0.0,0.0,0.0,0.0,0.0,0.0,0.0,0.0,0.0,0.0,0.0,0.0,0.0,0.0,0.0,0.0,0.0,0.0,0.0,0.0,0.0,0.0,0.0,0.0,
2018/08/28 16:21:14.12,"",0.0,0.0,0.0,0.0,0.0,0.0,0.0,0.0,0.0,0.0,5.7373E-16,3.7814E-15,1.1862E-14,5.2966E-15,2.1094E-11,7.6836E-14,6.5194E-12,3.2431E-12,1.4175E-11,2.0448E-14,9.8946E-13,4.7915E-15,1.1862E-14,1.1179E-14,9.842E-15,6.8118E-15,3.3579E-14,3.2095E-13,5.588E-10,4.5113E-12,1.5731E-13,1.2872E-14,1.2963E-10,1.1034E-13,5.5327E-13,-1.7741E-15,4.4185E-14,9.842E-15,2.0775E-14,1.7297E-13,1.1397E-11,5.1539E-13,2.5883E-13,9.1842E-13,4.957E-13,1.1357E-14,2.7713E-15,2.7713E-15,7.5114E-16,-7.6401E-16,3.2764E-15,1.0852E-14,5.2966E-15,2.8023E-14,2.7518E-14,1.6236E-13,3.5933E-13,4.6388E-13,2.7013E-14,3.2764E-15,1.7612E-15,5.8016E-15,4.7915E-15,6.1293E-15,1.2562E-15,9.6646E-15,7.3168E-15,1.1862E-14,4.7915E-15,5.2266E-14,2.2701E-13,4.5479E-13,3.0044E-14,-2.5896E-16,5.2966E-15,5.7373E-16,2.2663E-15,5.8016E-15,1.7612E-15,7.3168E-15,-7.6401E-16,1.6912E-14,2.7523E-15,9.842E-15,5.2966E-15,2.9034E-14,5.8016E-15,1.2562E-15,1.5838E-15,7.3211E-16,7.3168E-15,0.0,0.0,0.0,0.0,0.0,0.0,0.0,0.0,0.0,0.0,0.0,0.0,0.0,0.0,0.0,0.0,0.0,0.0,0.0,0.0,0.0,0.0,0.0,0.0,0.0,0.0,0.0,0.0,0.0,0.0,
2018/08/28 16:21:45.66,"",0.0,0.0,0.0,0.0,0.0,0.0,0.0,0.0,0.0,0.0,5.7373E-16,5.0906E-15,1.4686E-14,8.1209E-15,2.1131E-11,7.6836E-14,6.5283E-12,3.2677E-12,1.4219E-11,2.0448E-14,9.980101E-13,1.3171E-14,1.7716E-14,1.4181E-14,9.842E-15,6.8118E-15,2.6302E-14,2.7529E-13,5.5984E-10,4.4404E-12,1.5731E-13,1.9232E-14,1.2982E-10,1.1822E-13,5.5155E-13,2.5653E-15,4.4185E-14,1.2666E-14,1.9737E-14,1.4852E-13,1.137E-11,4.1973E-13,2.1115E-13,7.4195E-13,4.3337E-13,1.1357E-14,4.0805E-15,-1.4751E-15,6.1007E-15,8.6259E-15,1.1151E-14,9.131E-15,5.2966E-15,2.4787E-14,2.4282E-14,1.3842E-13,2.9751E-13,3.768E-13,1.9232E-14,6.6057E-15,3.0704E-15,2.5653E-15,3.5754E-15,6.1293E-15,4.0068E-17,6.1007E-15,2.5653E-15,1.3676E-14,8.1209E-15,4.5494E-14,1.8084E-13,3.6973E-13,2.3777E-14,6.6057E-15,-3.4953E-15,5.7373E-16,-1.4751E-15,5.8016E-15,5.5956E-15,2.5653E-15,1.0502E-15,8.1209E-15,-2.4852E-15,8.1209E-15,5.2966E-15,2.2767E-14,7.6158E-15,-1.4751E-15,3.5754E-15,2.5653E-15,5.4511E-16,0.0,0.0,0.0,0.0,0.0,0.0,0.0,0.0,0.0,0.0,0.0,0.0,0.0,0.0,0.0,0.0,0.0,0.0,0.0,0.0,0.0,0.0,0.0,0.0,0.0,0.0,0.0,0.0,0.0,0.0,
2018/08/28 16:22:17.21,"",0.0,0.0,0.0,0.0,0.0,0.0,0.0,0.0,0.0,0.0,5.7373E-16,2.1944E-15,1.078E-14,2.1944E-15,2.1125E-11,7.6836E-14,6.5168E-12,3.2643E-12,1.4244E-11,2.0448E-14,9.980101E-13,7.2449E-15,1.7716E-14,1.179E-14,1.1285E-14,6.8118E-15,2.6302E-14,2.335E-13,5.5918E-10,4.3819E-12,1.4966E-13,1.5325E-14,1.2978E-10,1.1684E-13,5.4764E-13,2.5653E-15,3.7042E-14,6.7398E-15,1.7345E-14,1.2189E-13,1.1383E-11,3.4057E-13,1.7037E-13,5.9259E-13,3.8047E-13,9.2651E-15,7.7499E-15,1.1843E-15,3.2045E-15,1.7416E-16,7.2449E-15,6.7398E-15,5.2966E-15,2.1386E-14,1.684E-14,1.1482E-13,2.4411E-13,2.9613E-13,1.684E-14,-2.3511E-15,-3.3088E-16,2.5653E-15,-2.8561E-15,3.2045E-15,4.0068E-17,6.1007E-15,4.7196E-15,9.2651E-15,5.7297E-15,3.6032E-14,1.4916E-13,2.9865E-13,1.7345E-14,-8.3594E-16,9.7701E-15,5.7373E-16,-1.4751E-15,-1.341E-15,1.7416E-16,6.7398E-15,2.1944E-15,9.2651E-15,3.2045E-15,5.7297E-15,3.7095E-15,1.381E-14,1.1843E-15,-1.4751E-15,-3.3088E-16,-3.8662E-15,2.1944E-15,0.0,0.0,0.0,0.0,0.0,0.0,0.0,0.0,0.0,0.0,0.0,0.0,0.0,0.0,0.0,0.0,0.0,0.0,0.0,0.0,0.0,0.0,0.0,0.0,0.0,0.0,0.0,0.0,0.0,0.0,
2018/08/28 16:22:48.82,"",0.0,0.0,0.0,0.0,0.0,0.0,0.0,0.0,0.0,0.0,5.7373E-16,-3.2393E-15,6.8617E-15,2.1944E-15,2.1146E-11,6.9993E-14,6.5265E-12,3.2598E-12,1.4226E-11,2.0448E-14,1.0013E-12,9.387E-15,1.0397E-14,1.2922E-14,1.2922E-14,6.8118E-15,1.7972E-14,2.0282E-13,5.592E-10,4.3417E-12,1.508E-13,1.9993E-14,1.3002E-10,1.1494E-13,5.5231E-13,2.5653E-15,3.969E-14,7.8718E-15,1.4942E-14,9.878E-14,1.1387E-11,2.816E-13,1.3665E-13,4.7807E-13,3.3514E-13,3.3264E-15,5.3466E-15,2.8213E-15,-1.2191E-15,4.3365E-15,4.8415E-15,6.7398E-15,5.2966E-15,1.5952E-14,1.2922E-14,9.575E-14,1.9373E-13,2.4019E-13,1.0902E-14,2.8213E-15,1.3062E-15,-7.1403E-16,-2.8561E-15,1.8112E-15,5.3466E-15,2.9606E-16,-2.0897E-16,1.1407E-14,3.8314E-15,3.1104E-14,1.1999E-13,2.3716E-13,1.4942E-14,2.3163E-15,4.8415E-15,5.7373E-16,-1.4751E-15,3.8314E-15,5.8516E-15,3.8314E-15,-4.7544E-15,7.3668E-15,3.2045E-15,2.8213E-15,3.7095E-15,8.8819E-15,5.3466E-15,4.3365E-15,-3.3088E-16,-3.8662E-15,8.0111E-16,0.0,0.0,0.0,0.0,0.0,0.0,0.0,0.0,0.0,0.0,0.0,0.0,0.0,0.0,0.0,0.0,0.0,0.0,0.0,0.0,0.0,0.0,0.0,0.0,0.0,0.0,0.0,0.0,0.0,0.0,
2018/08/28 16:23:20.35,"",0.0,0.0,0.0,0.0,0.0,0.0,0.0,0.0,0.0,0.0,5.7373E-16,1.922E-15,4.9524E-15,2.1944E-15,2.1181E-11,7.1114E-14,6.5322E-12,3.2579E-12,1.4236E-11,2.0448E-14,9.999E-13,1.1518E-14,1.5558E-14,4.4473E-15,1.4043E-14,4.4473E-15,2.2124E-14,1.8323E-13,5.6032E-10,4.3185E-12,1.4889E-13,1.8083E-14,1.3008E-10,1.1959E-13,5.504E-13,1.417E-15,4.1821E-14,4.9524E-15,1.7073E-14,8.1215E-14,1.1394E-11,2.2717E-13,1.1757E-13,3.8778E-13,2.9232E-13,1.1013E-14,3.9422E-15,2.8213E-15,-1.2191E-15,-3.6335E-15,4.8415E-15,8.4877E-15,3.9422E-15,1.7578E-14,1.8588E-14,7.4144E-14,1.5747E-13,2.0242E-13,1.6063E-14,2.8213E-15,-9.8154E-17,2.4271E-15,-2.8561E-15,9.1194E-16,-1.1083E-15,3.4372E-15,7.9826E-15,6.4675E-15,1.0002E-14,3.576E-14,1.004E-13,1.9485E-13,1.6063E-14,-2.1184E-15,-4.1386E-15,1.922E-15,5.4574E-15,1.417E-15,2.9321E-15,3.8314E-15,6.4675E-15,1.0002E-14,-4.6436E-15,2.8213E-15,1.922E-15,1.6568E-14,-2.1184E-15,4.3365E-15,4.9524E-15,-3.8662E-15,4.4473E-15,0.0,0.0,0.0,0.0,0.0,0.0,0.0,0.0,0.0,0.0,0.0,0.0,0.0,0.0,0.0,0.0,0.0,0.0,0.0,0.0,0.0,0.0,0.0,0.0,0.0,0.0,0.0,0.0,0.0,0.0,
2018/08/28 16:23:58.93,"",0.0,0.0,0.0,0.0,0.0,0.0,0.0,0.0,0.0,0.0,-3.7164E-15,3.3543E-15,3.3543E-15,5.8795E-15,2.1203E-11,6.8E-14,6.5422E-12,3.27E-12,1.4278E-11,2.2041E-14,9.887E-13,7.8997E-15,1.295E-14,1.5475E-14,1.5475E-14,7.3947E-15,1.5475E-14,1.5638E-13,5.5887E-10,4.2725E-12,1.4729E-13,1.8083E-14,1.2984E-10,1.1446E-13,5.504E-13,3.8593E-15,3.9717E-14,1.8391E-15,1.7073E-14,6.901E-14,1.1371E-11,1.882E-13,9.6788E-14,3.0436E-13,2.4426E-13,3.8593E-15,-1.8105E-16,2.8213E-15,3.3543E-15,2.8492E-15,3.3543E-15,2.8492E-15,-1.8105E-16,7.8997E-15,1.2445E-14,6.901E-14,1.3214E-13,1.5133E-13,6.8897E-15,5.3745E-15,-9.8154E-17,-1.8105E-16,-2.8561E-15,9.1194E-16,1.8391E-15,1.3341E-15,1.3341E-15,1.295E-14,2.8492E-15,2.8606E-14,7.7091E-14,1.488E-13,9.92E-15,-2.1184E-15,-4.1386E-15,4.8695E-15,2.3442E-15,1.417E-15,-2.2013E-15,7.8997E-15,-6.8611E-16,1.0002E-14,-4.6436E-15,2.8213E-15,1.922E-15,4.3644E-15,-2.1184E-15,4.3365E-15,-2.7063E-15,1.8391E-15,-2.2013E-15,0.0,0.0,0.0,0.0,0.0,0.0,0.0,0.0,0.0,0.0,0.0,0.0,0.0,0.0,0.0,0.0,0.0,0.0,0.0,0.0,0.0,0.0,0.0,0.0,0.0,0.0,0.0,0.0,0.0,0.0,
2018/08/28 16:24:30.00,"",0.0,0.0,0.0,0.0,0.0,0.0,0.0,0.0,0.0,0.0,-3.7164E-15,1.9933E-15,6.5388E-15,2.4984E-15,2.1186E-11,7.0175E-14,6.5181E-12,3.2681E-12,1.4258E-11,1.6639E-14,9.9441E-13,1.0074E-14,1.4619E-14,1.2094E-14,8.0539E-15,9.0641E-15,1.6639E-14,1.4239E-13,5.5757E-10,4.2353E-12,1.434E-13,1.5629E-14,1.2942E-10,1.1209E-13,5.4593E-13,2.4984E-15,3.7346E-14,8.0539E-15,1.5124E-14,5.9064E-14,1.136E-11,1.5704E-13,8.0276E-14,2.5199E-13,2.328E-13,7.5489E-15,-1.8105E-16,-1.542E-15,3.3543E-15,5.0237E-15,3.3543E-15,9.8324E-16,1.0074E-14,1.3609E-14,1.4114E-14,5.7548E-14,1.0754E-13,1.3179E-13,1.2599E-14,4.7819E-16,-9.8154E-17,6.5388E-15,-2.8561E-15,9.1194E-16,1.8391E-15,4.7819E-16,9.8324E-16,5.5287E-15,5.0237E-15,2.27E-14,6.7649E-14,1.2472E-13,8.559E-15,1.4883E-15,-4.1386E-15,1.9933E-15,-2.5521E-15,2.4984E-15,1.4883E-15,4.5186E-15,3.5085E-15,5.0237E-15,-4.6436E-15,9.8324E-16,3.0034E-15,9.0641E-15,1.9933E-15,1.4883E-15,-2.7063E-15,1.8391E-15,3.0034E-15,0.0,0.0,0.0,0.0,0.0,0.0,0.0,0.0,0.0,0.0,0.0,0.0,0.0,0.0,0.0,0.0,0.0,0.0,0.0,0.0,0.0,0.0,0.0,0.0,0.0,0.0,0.0,0.0,0.0,0.0,
2018/08/28 16:25:01.60,"",0.0,0.0,0.0,0.0,0.0,0.0,0.0,0.0,0.0,0.0,-3.7164E-15,-1.7691E-15,6.5388E-15,2.4984E-15,2.1119E-11,6.6917E-14,6.5181E-12,3.2517E-12,1.418E-11,1.6639E-14,9.8711E-13,1.2877E-14,1.2372E-14,1.0352E-14,1.0352E-14,9.0641E-15,1.4392E-14,1.2853E-13,5.5752E-10,4.2204E-12,1.5075E-13,1.8937E-14,1.2948E-10,1.154E-13,5.4722E-13,2.4984E-15,4.015E-14,4.2915E-15,3.7864E-15,4.7725E-14,1.1313E-11,1.3055E-13,6.1362E-14,2.1035E-13,2.2196E-13,1.7662E-15,2.2713E-15,-1.542E-15,7.5611E-16,3.7864E-15,5.3016E-15,9.8324E-16,4.7965E-15,7.8268E-15,9.847E-15,4.9241E-14,9.5705E-14,1.0429E-13,9.847E-15,5.8066E-15,-9.8154E-17,3.2814E-15,-2.8561E-15,3.2814E-15,6.3117E-15,6.3117E-15,2.7763E-15,8.8369E-15,2.2713E-15,1.6917E-14,6.2372E-14,1.0934E-13,7.3218E-15,7.5611E-16,-4.1386E-15,1.9933E-15,3.7864E-15,4.7965E-15,-7.5903E-16,4.5186E-15,3.5085E-15,2.7763E-15,1.7662E-15,5.3016E-15,4.2915E-15,6.3117E-15,-7.5903E-16,1.4883E-15,-2.7063E-15,-1.2641E-15,3.0034E-15,0.0,0.0,0.0,0.0,0.0,0.0,0.0,0.0,0.0,0.0,0.0,0.0,0.0,0.0,0.0,0.0,0.0,0.0,0.0,0.0,0.0,0.0,0.0,0.0,0.0,0.0,0.0,0.0,0.0,0.0,
2018/08/28 16:25:33.20,"",0.0,0.0,0.0,0.0,0.0,0.0,0.0,0.0,0.0,0.0,6.4725E-15,-1.7691E-15,4.9574E-15,5.9674E-15,2.108E-11,6.4048E-14,6.5155E-12,3.2504E-12,1.4134E-11,2.4149E-14,9.898E-13,8.4927E-15,1.1018E-14,1.0352E-14,1.0352E-14,7.9876E-15,1.3038E-14,1.2162E-13,5.5532E-10,4.1898E-12,1.4738E-13,1.6068E-14,1.2894E-10,1.1303E-13,5.4722E-13,3.9472E-15,3.7785E-14,1.2028E-14,1.0007E-14,4.3341E-14,1.1276E-11,1.1606E-13,6.0007E-14,1.7717E-13,2.196E-13,5.9674E-15,5.9674E-15,3.9472E-15,7.5611E-16,3.7864E-15,3.9472E-15,2.9371E-15,7.4826E-15,6.4725E-15,1.927E-15,4.2836E-14,7.9704E-14,9.4351E-14,2.4321E-15,9.1694E-16,2.9371E-15,-1.1033E-15,-2.8561E-15,1.927E-15,2.4321E-15,1.927E-15,4.9574E-15,6.4725E-15,2.2713E-15,1.5058E-14,4.8391E-14,8.324E-14,7.3218E-15,4.4523E-15,2.9371E-15,-9.3153E-17,4.1189E-16,1.927E-15,6.9776E-15,6.4725E-15,-2.6184E-15,2.7763E-15,2.9371E-15,8.4927E-15,1.422E-15,6.3117E-15,-7.5903E-16,-9.3153E-17,6.9776E-15,5.9674E-15,-2.1134E-15,0.0,0.0,0.0,0.0,0.0,0.0,0.0,0.0,0.0,0.0,0.0,0.0,0.0,0.0,0.0,0.0,0.0,0.0,0.0,0.0,0.0,0.0,0.0,0.0,0.0,0.0,0.0,0.0,0.0,0.0,
2018/08/28 16:26:04.83,"",0.0,0.0,0.0,0.0,0.0,0.0,0.0,0.0,0.0,0.0,-3.6016E-16,-1.7691E-15,4.9574E-15,2.6701E-15,2.1056E-11,6.2266E-14,6.5077E-12,3.2354E-12,1.4115E-11,2.1862E-14,9.7539E-13,6.7105E-15,1.2266E-14,1.0352E-14,9.2358E-15,7.9876E-15,1.0245E-14,1.1378E-13,5.5414E-10,4.1759E-12,1.3903E-13,2.2367E-14,1.2859E-10,1.1529E-13,5.4722E-13,3.9472E-15,4.0043E-14,4.1853E-15,1.0007E-14,3.7518E-14,1.1269E-11,9.8124E-14,4.9639E-14,1.5267E-13,2.196E-13,3.1752E-15,3.1752E-15,-2.8854E-15,3.1752E-15,3.7864E-15,3.9472E-15,7.7206E-15,2.1651E-15,1.1761E-14,8.2257E-15,3.3478E-14,6.9336E-14,7.6407E-14,5.7004E-15,9.1694E-16,-1.8753E-15,2.1651E-15,-2.8561E-15,1.927E-15,2.4321E-15,1.927E-15,1.66E-15,5.1954E-15,3.6802E-15,1.0245E-14,3.6508E-14,7.4892E-14,9.7408E-15,1.155E-15,2.9371E-15,1.66E-15,4.1189E-16,1.4488E-16,4.1853E-15,3.6802E-15,2.1651E-15,4.6903E-15,1.4488E-16,6.7105E-15,2.6701E-15,4.1853E-15,-7.5903E-16,-9.3153E-17,1.4488E-16,-3.3905E-15,-2.1134E-15,0.0,0.0,0.0,0.0,0.0,0.0,0.0,0.0,0.0,0.0,0.0,0.0,0.0,0.0,0.0,0.0,0.0,0.0,0.0,0.0,0.0,0.0,0.0,0.0,0.0,0.0,0.0,0.0,0.0,0.0,
2018/08/28 16:26:36.40,"",0.0,0.0,0.0,0.0,0.0,0.0,0.0,0.0,0.0,0.0,-3.6016E-16,-2.3559E-16,4.9574E-15,2.6701E-15,2.1008E-11,6.2266E-14,6.5053E-12,3.2421E-12,1.4148E-11,2.3501E-14,9.7539E-13,1.037E-14,1.5421E-14,1.441E-14,9.2358E-15,1.2796E-15,1.441E-14,1.0835E-13,5.5385E-10,4.1618E-12,1.4117E-13,1.7441E-14,1.2849E-10,1.1529E-13,5.4471E-13,3.9472E-15,3.6128E-14,4.1853E-15,1.441E-14,3.1582E-14,1.1241E-11,8.5623E-14,3.9663E-14,1.3612E-13,2.3713E-13,7.3402E-15,3.1752E-15,-2.8854E-15,3.1752E-15,2.6945E-16,5.825E-15,-2.3559E-16,2.1651E-15,-2.3559E-16,1.4915E-14,3.7643E-14,5.3804E-14,7.1481E-14,1.2796E-15,9.1694E-16,5.32E-15,7.7449E-16,-2.8561E-15,6.8351E-15,-1.7507E-15,5.825E-15,-1.2457E-15,7.8452E-15,5.32E-15,1.34E-14,3.4612E-14,6.6936E-14,3.2998E-15,-2.3559E-16,4.8149E-15,-1.7507E-15,4.1189E-16,2.7947E-15,-2.3559E-16,-1.2457E-15,-2.3559E-16,4.6903E-15,1.4488E-16,3.2998E-15,-7.4065E-16,7.3402E-15,2.7947E-15,4.8149E-15,1.2796E-15,2.7947E-15,-2.1134E-15,0.0,0.0,0.0,0.0,0.0,0.0,0.0,0.0,0.0,0.0,0.0,0.0,0.0,0.0,0.0,0.0,0.0,0.0,0.0,0.0,0.0,0.0,0.0,0.0,0.0,0.0,0.0,0.0,0.0,0.0,
2018/08/28 16:27:07.97,"",0.0,0.0,0.0,0.0,0.0,0.0,0.0,0.0,0.0,0.0,-3.6016E-16,6.2596E-15,1.333E-14,2.6701E-15,2.0921E-11,6.2266E-14,6.4815E-12,3.2173E-12,1.4027E-11,1.434E-14,9.704E-13,1.037E-14,8.7849E-15,6.7647E-15,7.7748E-15,4.7445E-15,1.131E-14,9.9188E-14,5.502E-10,4.1219E-12,1.4716E-13,1.636E-14,1.2766E-10,1.1529E-13,5.4262E-13,5.7546E-15,3.8582E-14,2.2192E-15,1.441E-14,3.5047E-14,1.1158E-11,7.0401E-14,4.7168E-14,1.1181E-13,2.4262E-13,2.2192E-15,7.0408E-16,-2.8854E-15,-1.8212E-15,2.6945E-16,5.825E-15,1.2091E-15,2.1651E-15,-2.3559E-16,6.7647E-15,3.2017E-14,5.3804E-14,5.7774E-14,4.7445E-15,9.1694E-16,1.2091E-15,6.2596E-15,1.2091E-15,4.2394E-15,-1.7507E-15,1.9903E-16,2.2192E-15,2.7243E-15,5.32E-15,6.7647E-15,3.3027E-14,5.6259E-14,6.2596E-15,-2.3559E-16,4.8149E-15,-1.7507E-15,2.7243E-15,7.0408E-16,2.2192E-15,5.7546E-15,3.2293E-15,4.6903E-15,2.2192E-15,-2.3262E-15,7.7748E-15,1.2091E-15,-3.8414E-15,7.0408E-16,3.2293E-15,2.7947E-15,-2.1134E-15,0.0,0.0,0.0,0.0,0.0,0.0,0.0,0.0,0.0,0.0,0.0,0.0,0.0,0.0,0.0,0.0,0.0,0.0,0.0,0.0,0.0,0.0,0.0,0.0,0.0,0.0,0.0,0.0,0.0,0.0,
2018/08/28 16:27:46.54,"",0.0,0.0,0.0,0.0,0.0,0.0,0.0,0.0,0.0,0.0,4.5642E-16,1.4665E-15,5.0019E-15,4.4968E-15,2.0946E-11,6.2266E-14,6.4847E-12,3.2065E-12,1.3944E-11,1.9648E-14,9.704E-13,1.3587E-14,1.1062E-14,1.1062E-14,1.2072E-14,4.7445E-15,1.131E-14,9.5911E-14,5.4903E-10,4.1095E-12,1.4136E-13,1.636E-14,1.2727E-10,1.1529E-13,5.3934E-13,2.9817E-15,4.288E-14,5.0019E-15,1.441E-14,2.4193E-14,1.1114E-11,6.4597E-14,3.0759E-14,9.086E-14,2.555E-13,5.5069E-15,3.4867E-15,-2.8854E-15,-1.8212E-15,2.6945E-16,3.4867E-15,2.4766E-15,9.6147E-16,6.012E-15,3.9918E-15,2.4193E-14,4.49E-14,5.1466E-14,4.7445E-15,9.1694E-16,2.9817E-15,-2.0688E-15,6.517E-15,2.4766E-15,-1.7507E-15,1.4665E-15,4.5642E-16,2.7243E-15,-2.5739E-15,1.6113E-14,3.1769E-14,4.187E-14,2.4766E-15,-2.3559E-16,1.9716E-15,-1.7507E-15,-1.0587E-15,7.0221E-15,2.2192E-15,1.9716E-15,3.2293E-15,4.6903E-15,4.4968E-15,5.5069E-15,9.6147E-16,1.0052E-14,-3.8414E-15,7.0408E-16,-2.5739E-15,-5.5367E-16,1.4665E-15,0.0,0.0,0.0,0.0,0.0,0.0,0.0,0.0,0.0,0.0,0.0,0.0,0.0,0.0,0.0,0.0,0.0,0.0,0.0,0.0,0.0,0.0,0.0,0.0,0.0,0.0,0.0,0.0,0.0,0.0,
2018/08/28 16:28:17.67,"",0.0,0.0,0.0,0.0,0.0,0.0,0.0,0.0,0.0,0.0,1.3791E-15,1.4665E-15,9.4599E-15,1.8842E-15,2.0868E-11,5.7944E-14,6.4741E-12,3.1922E-12,1.3906E-11,2.1076E-14,9.5895E-13,1.3587E-14,8.4498E-15,1.552E-14,1.653E-14,6.4296E-15,1.131E-14,9.5911E-14,5.4631E-10,4.0867E-12,1.4026E-13,9.965E-15,1.2667E-10,1.0642E-13,5.3774E-13,-1.3603E-16,3.7742E-14,1.8842E-15,9.4599E-15,2.2591E-14,1.1078E-11,5.9459E-14,3.0759E-14,8.5217E-14,2.6501E-13,9.965E-15,5.9246E-15,-2.8854E-15,4.4094E-15,3.3993E-15,3.4867E-15,2.4766E-15,4.4094E-15,3.9044E-15,6.4296E-15,1.754E-14,4.2793E-14,4.9358E-14,3.3993E-15,9.1694E-16,2.9817E-15,3.3993E-15,8.7407E-16,-1.1461E-15,1.3791E-15,4.4094E-15,3.9044E-15,2.7243E-15,1.8842E-15,2.3892E-15,2.3096E-14,4.187E-14,2.4766E-15,1.8842E-15,-2.1562E-15,-1.7507E-15,3.9044E-15,2.3892E-15,8.7407E-16,-6.4108E-16,-1.6512E-15,-3.1663E-15,4.4968E-15,3.3993E-15,6.4296E-15,-2.6613E-15,-3.8414E-15,7.0408E-16,-2.5739E-15,3.3993E-15,1.4665E-15,0.0,0.0,0.0,0.0,0.0,0.0,0.0,0.0,0.0,0.0,0.0,0.0,0.0,0.0,0.0,0.0,0.0,0.0,0.0,0.0,0.0,0.0,0.0,0.0,0.0,0.0,0.0,0.0,0.0,0.0,
2018/08/28 16:28:49.24,"",0.0,0.0,0.0,0.0,0.0,0.0,0.0,0.0,0.0,0.0,-9.9602E-16,-1.5011E-15,7.5898E-15,6.0747E-15,2.078E-11,5.961E-14,6.457E-12,3.1922E-12,1.3892E-11,1.87E-14,9.5152E-13,9.105E-15,9.61E-15,8.5999E-15,5.0646E-15,6.4296E-15,1.466E-14,9.4458E-14,5.435E-10,4.0656E-12,1.4395E-13,1.7185E-14,1.2619E-10,1.1112E-13,5.3637E-13,-1.3603E-16,3.4862E-14,5.1912E-16,1.466E-14,2.1226E-14,1.1026E-11,5.7084E-14,2.6781E-14,7.3246E-14,2.8132E-13,6.0747E-15,3.5494E-15,-2.8854E-15,-4.9097E-16,7.0848E-15,1.5292E-15,6.0747E-15,4.4094E-15,7.0848E-15,1.062E-14,1.754E-14,3.8397E-14,3.7387E-14,9.105E-15,5.0646E-15,-2.0061E-15,6.0747E-15,6.0747E-15,1.0242E-15,1.4074E-17,2.0343E-15,5.1912E-16,6.0747E-15,1.8842E-15,7.5898E-15,2.6781E-14,3.6377E-14,8.0949E-15,-4.9097E-16,-2.1562E-15,-1.7507E-15,-9.9602E-16,-2.5112E-15,8.7407E-16,2.0343E-15,2.5393E-15,5.0646E-15,1.5292E-15,5.1912E-16,-3.0162E-15,-2.6613E-15,5.0646E-15,2.5393E-15,-2.5739E-15,3.3993E-15,3.0444E-15,0.0,0.0,0.0,0.0,0.0,0.0,0.0,0.0,0.0,0.0,0.0,0.0,0.0,0.0,0.0,0.0,0.0,0.0,0.0,0.0,0.0,0.0,0.0,0.0,0.0,0.0,0.0,0.0,0.0,0.0,
2018/08/28 16:29:20.82,"",0.0,0.0,0.0,0.0,0.0,0.0,0.0,0.0,0.0,0.0,-9.9602E-16,1.7116E-15,7.5898E-15,2.7217E-15,2.0683E-11,6.3832E-14,6.4421E-12,3.1885E-12,1.3845E-11,1.6863E-14,9.3757E-13,1.0297E-14,1.0802E-14,1.3832E-14,6.2571E-15,1.1307E-14,1.466E-14,9.06E-14,5.4072E-10,4.0395E-12,1.4211E-13,1.8378E-14,1.2551E-10,1.1112E-13,5.3049E-13,2.2167E-15,3.858E-14,5.1912E-16,2.2167E-15,1.9893E-14,1.0956E-11,4.8681E-14,2.6781E-14,7.1913E-14,2.8132E-13,4.7419E-15,6.2571E-15,5.247E-15,-4.9097E-16,2.2167E-15,7.0149E-16,-3.844E-15,7.0149E-16,2.7217E-15,6.7621E-15,1.9388E-14,3.5044E-14,3.4034E-14,1.2066E-15,-1.3187E-15,3.2268E-15,1.7116E-15,4.7419E-15,5.752E-15,1.7116E-15,2.0343E-15,5.247E-15,1.7116E-15,1.8842E-15,7.5898E-15,2.0903E-14,2.9489E-14,-1.3187E-15,2.7217E-15,-2.1562E-15,5.247E-15,5.247E-15,-2.5112E-15,8.7407E-16,6.2571E-15,2.5393E-15,3.7318E-15,-3.0859E-16,8.2773E-15,2.7217E-15,4.7419E-15,5.0646E-15,-6.3692E-15,-2.5739E-15,-3.844E-15,-5.8642E-15,0.0,0.0,0.0,0.0,0.0,0.0,0.0,0.0,0.0,0.0,0.0,0.0,0.0,0.0,0.0,0.0,0.0,0.0,0.0,0.0,0.0,0.0,0.0,0.0,0.0,0.0,0.0,0.0,0.0,0.0,
2018/08/28 16:29:52.39,"",0.0,0.0,0.0,0.0,0.0,0.0,0.0,0.0,0.0,0.0,-9.9602E-16,4.4945E-15,6.5147E-15,7.5248E-15,2.0572E-11,6.1565E-14,6.4322E-12,3.1651E-12,1.3757E-11,1.813E-14,9.2873E-13,1.207E-14,1.2575E-14,4.9995E-15,1.106E-14,8.0298E-15,1.1565E-14,9.06E-14,5.3684E-10,4.0166E-12,1.3631E-13,1.4595E-14,1.2454E-10,1.1358E-13,5.2621E-13,2.2167E-15,3.1262E-14,6.5147E-15,1.1565E-14,1.409E-14,1.0884E-11,4.5908E-14,2.6781E-14,6.106E-14,2.8782E-13,6.5147E-15,8.0298E-15,9.5912E-16,-4.9097E-16,-1.5661E-15,7.0149E-16,3.9894E-15,7.0197E-15,6.0096E-15,9.5912E-16,1.9388E-14,3.0757E-14,2.7221E-14,4.5407E-16,-1.3187E-15,3.2268E-15,4.5407E-16,-3.0813E-15,-3.5863E-15,6.0096E-15,2.0343E-15,8.0298E-15,3.9894E-15,8.0298E-15,5.5046E-15,1.51E-14,2.9489E-14,1.4642E-15,4.5407E-16,-2.1562E-15,-2.5762E-15,-5.5602E-16,5.5046E-15,8.7407E-16,-1.0611E-15,1.4642E-15,-3.5863E-15,1.9692E-15,6.0096E-15,-5.0977E-17,-5.0977E-17,4.5407E-16,-6.3692E-15,-2.5739E-15,3.4844E-15,2.9793E-15,0.0,0.0,0.0,0.0,0.0,0.0,0.0,0.0,0.0,0.0,0.0,0.0,0.0,0.0,0.0,0.0,0.0,0.0,0.0,0.0,0.0,0.0,0.0,0.0,0.0,0.0,0.0,0.0,0.0,0.0,
2018/08/28 16:30:24.00,"",0.0,0.0,0.0,0.0,0.0,0.0,0.0,0.0,0.0,0.0,3.6268E-15,3.1217E-15,9.6874E-15,7.5248E-15,2.0526E-11,6.1565E-14,6.4127E-12,3.1651E-12,1.3734E-11,1.813E-14,9.2079E-13,7.6672E-15,1.3727E-14,6.6571E-15,1.106E-14,8.0298E-15,1.1565E-14,8.595E-14,5.354E-10,3.9889E-12,1.3948E-13,1.3222E-14,1.2407E-10,1.0968E-13,5.2786E-13,2.2167E-15,3.7465E-14,5.1419E-15,1.5748E-14,2.0798E-14,1.0816E-11,4.201E-14,2.3323E-14,5.7162E-14,2.9453E-13,2.6166E-15,2.1116E-15,9.5912E-16,-4.9097E-16,-1.5661E-15,4.6369E-15,-4.1365E-16,3.6268E-15,2.1116E-15,7.1621E-15,1.8273E-14,3.595E-14,2.8374E-14,6.6571E-15,-1.3187E-15,6.6571E-15,2.6166E-15,3.1217E-15,-3.5863E-15,-2.9389E-15,3.1217E-15,5.9644E-16,5.647E-15,1.6066E-15,9.1823E-15,1.7768E-14,2.4333E-14,7.1621E-15,5.1419E-15,7.1621E-15,1.6066E-15,2.1116E-15,-1.4238E-15,2.6166E-15,5.647E-15,5.1419E-15,7.6672E-15,6.6571E-15,5.9644E-16,2.1116E-15,-5.0977E-17,4.5407E-16,-6.3692E-15,1.6066E-15,-9.187E-16,2.9793E-15,0.0,0.0,0.0,0.0,0.0,0.0,0.0,0.0,0.0,0.0,0.0,0.0,0.0,0.0,0.0,0.0,0.0,0.0,0.0,0.0,0.0,0.0,0.0,0.0,0.0,0.0,0.0,0.0,0.0,0.0,
2018/08/28 16:30:55.55,"",0.0,0.0,0.0,0.0,0.0,0.0,0.0,0.0,0.0,0.0,-9.7292E-16,1.0473E-15,6.0978E-15,5.5927E-15,2.0401E-11,5.6097E-14,6.3858E-12,3.1485E-12,1.3626E-11,2.1754E-14,9.1468E-13,6.0978E-15,1.5693E-14,1.1148E-14,1.4178E-14,4.0776E-15,1.1565E-14,8.595E-14,5.3052E-10,3.951E-12,1.3741E-13,1.8724E-14,1.2296E-10,1.0609E-13,5.2175E-13,-1.478E-15,3.337E-14,3.5725E-15,7.6129E-15,2.0798E-14,1.0751E-11,3.9431E-14,2.0744E-14,5.0037E-14,3.0155E-13,6.6028E-15,6.0978E-15,9.5912E-16,-4.9097E-16,2.5624E-15,1.5523E-15,1.0473E-15,-4.6787E-16,4.0776E-15,5.0877E-15,1.4683E-14,2.4784E-14,2.8374E-14,3.7174E-17,1.0473E-15,-1.478E-15,-4.0032E-15,3.1217E-15,3.5725E-15,-2.9389E-15,-1.983E-15,5.9644E-16,4.0776E-15,3.0675E-15,4.0776E-15,1.7768E-14,2.0744E-14,4.5826E-15,-1.983E-15,3.5725E-15,3.5725E-15,-4.6787E-16,5.0877E-15,-1.983E-15,-2.9931E-15,5.1419E-15,2.5624E-15,2.5624E-15,5.9644E-16,-2.4881E-15,-5.0977E-17,1.5523E-15,-6.3692E-15,3.0675E-15,-9.187E-16,3.7174E-17,0.0,0.0,0.0,0.0,0.0,0.0,0.0,0.0,0.0,0.0,0.0,0.0,0.0,0.0,0.0,0.0,0.0,0.0,0.0,0.0,0.0,0.0,0.0,0.0,0.0,0.0,0.0,0.0,0.0,0.0,
2018/08/28 16:31:34.05,"",0.0,0.0,0.0,0.0,0.0,0.0,0.0,0.0,0.0,0.0,2.1745E-16,7.225E-16,9.8134E-15,3.2478E-15,2.0325E-11,6.2843E-14,6.3785E-12,3.1234E-12,1.3521E-11,1.9914E-14,8.9213E-13,4.2579E-15,8.2983E-15,1.1148E-14,8.8033E-15,7.7932E-15,9.3084E-15,8.7086E-14,5.2731E-10,3.9234E-12,1.3052E-13,1.8724E-14,1.2206E-10,1.0609E-13,5.1486E-13,1.7326E-15,3.5065E-14,1.7326E-15,6.2781E-15,1.5369E-14,1.0669E-11,3.456E-14,2.0744E-14,5.0037E-14,2.9718E-13,4.7629E-15,6.0978E-15,3.2478E-15,1.2276E-15,-4.328E-15,1.5523E-15,1.0473E-15,1.7326E-15,6.7831E-15,3.7528E-15,1.1328E-14,2.4784E-14,2.648E-14,1.7326E-15,3.7528E-15,-1.478E-15,2.2377E-15,1.7326E-15,3.5725E-15,-2.9389E-15,-1.983E-15,5.9644E-16,4.0776E-15,2.1745E-16,4.0776E-15,1.2843E-14,1.8904E-14,7.225E-16,-1.983E-15,-2.3078E-15,-7.9264E-16,1.2276E-15,-2.8759E-16,-1.983E-15,3.2478E-15,1.2276E-15,2.5624E-15,2.5624E-15,5.9644E-16,5.268E-15,-5.0977E-17,7.225E-16,1.2276E-15,-2.8759E-16,-9.187E-16,3.7174E-17,0.0,0.0,0.0,0.0,0.0,0.0,0.0,0.0,0.0,0.0,0.0,0.0,0.0,0.0,0.0,0.0,0.0,0.0,0.0,0.0,0.0,0.0,0.0,0.0,0.0,0.0,0.0,0.0,0.0,0.0,
2018/08/28 16:32:05.07,"",0.0,0.0,0.0,0.0,0.0,0.0,0.0,0.0,0.0,0.0,3.8708E-15,2.3556E-15,1.2961E-14,3.2478E-15,2.0236E-11,5.6396E-14,6.3644E-12,3.1048E-12,1.3467E-11,1.2456E-14,8.9427E-13,9.4263E-15,1.7002E-14,6.9011E-15,8.8033E-15,4.3758E-15,1.0941E-14,8.1648E-14,5.2524E-10,3.9129E-12,1.3052E-13,1.5486E-14,1.2174E-10,1.0185E-13,5.2407E-13,2.8607E-15,3.5065E-14,5.891E-15,8.4162E-15,1.7507E-14,1.0623E-11,2.9628E-14,1.7002E-14,4.3769E-14,3.1043E-13,4.7629E-15,3.3542E-16,-1.6848E-15,-1.1797E-15,1.3455E-15,1.5523E-15,5.3859E-15,3.3657E-15,6.7831E-15,2.3556E-15,1.4981E-14,2.0537E-14,2.2052E-14,-2.1898E-15,6.396E-15,6.396E-15,2.2377E-15,-1.1797E-15,-1.6962E-16,1.8506E-15,-1.983E-15,5.9644E-16,4.0776E-15,3.3657E-15,1.8506E-15,1.2843E-14,2.1547E-14,7.225E-16,-1.983E-15,1.3455E-15,3.3657E-15,1.2276E-15,2.8607E-15,-1.983E-15,1.8506E-15,-6.7467E-16,2.5624E-15,3.3542E-16,6.396E-15,-3.705E-15,-5.0977E-17,7.225E-16,-1.6848E-15,5.891E-15,2.3556E-15,3.7174E-17,0.0,0.0,0.0,0.0,0.0,0.0,0.0,0.0,0.0,0.0,0.0,0.0,0.0,0.0,0.0,0.0,0.0,0.0,0.0,0.0,0.0,0.0,0.0,0.0,0.0,0.0,0.0,0.0,0.0,0.0,
2018/08/28 16:32:36.65,"",0.0,0.0,0.0,0.0,0.0,0.0,0.0,0.0,0.0,0.0,-1.3939E-15,-2.404E-15,1.6364E-15,3.2478E-15,2.0182E-11,6.0222E-14,6.3536E-12,3.0975E-12,1.3397E-11,1.8808E-14,8.8901E-13,1.1232E-14,1.3252E-14,1.0222E-14,1.2747E-14,-3.8377E-16,8.2021E-15,7.4868E-14,5.2218E-10,3.8854E-12,1.284E-13,1.5486E-14,1.2105E-10,1.0315E-13,5.0971E-13,-1.3939E-15,3.6484E-14,2.1415E-15,1.1232E-14,9.2122E-15,1.0592E-11,2.9628E-14,1.5272E-14,3.699E-14,3.1043E-13,6.1819E-15,4.6667E-15,-1.6848E-15,-1.1797E-15,1.3455E-15,1.2127E-16,-7.4545E-15,-3.8377E-16,-8.8882E-16,7.697E-15,1.4981E-14,1.6282E-14,2.4363E-14,1.1314E-15,-1.8989E-15,-3.4141E-15,1.1314E-15,-1.1797E-15,2.1415E-15,6.2633E-16,2.6465E-15,5.9644E-16,6.2633E-16,-3.8377E-16,4.6667E-15,1.2843E-14,1.6787E-14,3.1516E-15,-1.983E-15,1.2127E-16,3.3657E-15,4.1617E-15,1.6364E-15,2.6465E-15,1.8506E-15,-6.7467E-16,4.1617E-15,3.3542E-16,-8.8882E-16,-3.705E-15,-5.0977E-17,7.225E-16,-1.6848E-15,-3.4141E-15,1.1314E-15,3.7174E-17,0.0,0.0,0.0,0.0,0.0,0.0,0.0,0.0,0.0,0.0,0.0,0.0,0.0,0.0,0.0,0.0,0.0,0.0,0.0,0.0,0.0,0.0,0.0,0.0,0.0,0.0,0.0,0.0,0.0,0.0,
2018/08/28 16:33:08.19,"",0.0,0.0,0.0,0.0,0.0,0.0,0.0,0.0,0.0,0.0,-1.3939E-15,-2.9201E-15,6.6759E-15,3.2478E-15,2.0117E-11,5.7686E-14,6.3359E-12,3.0758E-12,1.3313E-11,1.3241E-14,8.7536E-13,1.5261E-14,1.1221E-14,8.6961E-15,7.686E-15,5.6658E-15,1.6776E-14,7.7888E-14,5.2095E-10,3.8819E-12,1.3041E-13,1.6776E-14,1.2067E-10,1.0315E-13,5.1425E-13,1.6254E-15,3.0918E-14,1.1024E-16,4.6557E-15,1.3241E-14,1.0543E-11,2.7888E-14,1.6776E-14,3.5463E-14,3.0617E-13,4.6557E-15,2.6355E-15,-1.6848E-15,1.1204E-15,5.1608E-15,1.2127E-16,-7.4545E-15,-3.8377E-16,3.1406E-15,5.6658E-15,9.7062E-15,2.2837E-14,1.9302E-14,1.1314E-15,-1.8989E-15,-3.4141E-15,1.1024E-16,1.1204E-15,-3.9479E-16,6.2633E-16,4.1507E-15,5.9644E-16,6.2633E-16,3.6456E-15,6.6759E-15,1.7787E-14,1.5766E-14,1.1024E-16,-1.983E-15,2.1305E-15,-8.998401E-16,2.1305E-15,-4.4352E-15,1.1024E-16,1.8506E-15,-6.7467E-16,-2.415E-15,1.6254E-15,4.1507E-15,4.6557E-15,-5.0977E-17,2.6355E-15,1.1204E-15,-3.4141E-15,1.1314E-15,3.7174E-17,0.0,0.0,0.0,0.0,0.0,0.0,0.0,0.0,0.0,0.0,0.0,0.0,0.0,0.0,0.0,0.0,0.0,0.0,0.0,0.0,0.0,0.0,0.0,0.0,0.0,0.0,0.0,0.0,0.0,0.0,
2018/08/28 16:33:39.78,"",0.0,0.0,0.0,0.0,0.0,0.0,0.0,0.0,0.0,0.0,-8.1642E-15,1.4317E-15,7.9974E-15,1.4317E-15,2.0056E-11,5.6482E-14,6.3377E-12,3.0569E-12,1.3219E-11,1.6078E-14,8.8173E-13,1.9368E-15,1.4058E-14,5.9772E-15,1.0522E-14,7.9974E-15,9.0075E-15,7.9209E-14,5.1912E-10,3.8635E-12,1.3274E-13,1.6776E-14,1.2019E-10,9.9916E-14,5.1153E-13,4.462E-15,3.3755E-14,5.9772E-15,1.2037E-14,1.0017E-14,1.0492E-11,2.9209E-14,1.6776E-14,3.5463E-14,3.1001E-13,6.4822E-15,4.462E-15,2.4418E-15,1.1204E-15,1.9368E-15,1.9368E-15,-7.4545E-15,6.4822E-15,3.1406E-15,1.9368E-15,7.4923E-15,1.4058E-14,1.7593E-14,-8.3429E-17,-1.8989E-15,-3.4141E-15,2.9469E-15,1.1204E-15,2.4418E-15,2.9469E-15,-4.6289E-15,1.9368E-15,1.9368E-15,-3.6188E-15,2.4418E-15,8.5024E-15,2.0118E-14,1.1024E-16,-1.983E-15,2.1305E-15,-8.998401E-16,6.9873E-15,-4.4352E-15,1.1024E-16,-4.1238E-15,1.9368E-15,-2.415E-15,-8.3429E-17,-3.6188E-15,1.4317E-15,3.957E-15,-1.5986E-15,1.1204E-15,2.4418E-15,-8.3429E-17,3.7174E-17,0.0,0.0,0.0,0.0,0.0,0.0,0.0,0.0,0.0,0.0,0.0,0.0,0.0,0.0,0.0,0.0,0.0,0.0,0.0,0.0,0.0,0.0,0.0,0.0,0.0,0.0,0.0,0.0,0.0,0.0,
2018/08/28 16:34:11.29,"",0.0,0.0,0.0,0.0,0.0,0.0,0.0,0.0,0.0,0.0,2.3576E-15,-4.2081E-15,1.0943E-14,7.4081E-15,1.9948E-11,6.2963E-14,6.3089E-12,3.0402E-12,1.3122E-11,1.9024E-14,8.7003E-13,1.0943E-14,2.0034E-14,1.4983E-14,5.3879E-15,3.8727E-15,1.8014E-14,7.4579E-14,5.1482E-10,3.824E-12,1.2912E-13,1.8014E-14,1.1918E-10,1.0387E-13,5.0185E-13,2.3576E-15,3.569E-14,-6.7272E-16,5.8929E-15,1.3468E-14,1.0401E-11,2.5084E-14,1.9529E-14,2.66E-14,3.1397E-13,2.3576E-15,-1.6767E-16,-1.6828E-15,6.398E-15,1.9368E-15,-4.7131E-15,5.3879E-15,2.8626E-15,3.1406E-15,-1.6828E-15,7.4923E-15,1.0943E-14,1.7593E-14,-8.3429E-17,2.8626E-15,-3.4141E-15,-5.2182E-15,-2.6929E-15,2.4418E-15,-1.6767E-16,-4.6289E-15,-4.2081E-15,3.3677E-15,-3.6188E-15,-2.6929E-15,5.3879E-15,1.3973E-14,5.8929E-15,-1.983E-15,-1.6828E-15,-8.998401E-16,-1.6767E-16,-4.4352E-15,1.1024E-16,2.3576E-15,-1.6767E-16,3.3677E-15,5.8929E-15,2.8626E-15,3.8727E-15,3.3738E-16,-1.5986E-15,1.1204E-15,2.4418E-15,-8.3429E-17,3.7174E-17,0.0,0.0,0.0,0.0,0.0,0.0,0.0,0.0,0.0,0.0,0.0,0.0,0.0,0.0,0.0,0.0,0.0,0.0,0.0,0.0,0.0,0.0,0.0,0.0,0.0,0.0,0.0,0.0,0.0,0.0,
2018/08/28 16:34:42.89,"",0.0,0.0,0.0,0.0,0.0,0.0,0.0,0.0,0.0,0.0,2.6483E-15,-4.2081E-15,8.2039E-15,6.281E-16,1.9878E-11,5.6688E-14,6.29E-12,3.0319E-12,1.3079E-11,1.4264E-14,8.6527E-13,5.6786E-15,1.6284E-14,5.6786E-15,9.719E-15,3.8727E-15,7.1938E-15,7.891E-14,5.1256E-10,3.8061E-12,1.2739E-13,1.3759E-14,1.1872E-10,1.0113E-13,5.0517E-13,2.3576E-15,3.7496E-14,6.1837E-15,1.0729E-14,1.2244E-14,1.0353E-11,2.0325E-14,1.5274E-14,2.79E-14,3.1729E-13,4.1635E-15,-1.6767E-16,1.1332E-15,-4.4224E-15,1.9368E-15,2.6483E-15,5.3879E-15,6.281E-16,6.281E-16,-1.6828E-15,9.719E-15,1.2244E-14,1.7593E-14,5.1736E-15,2.8626E-15,-3.4141E-15,-5.2182E-15,-2.6929E-15,-3.8199E-16,-1.6767E-16,-4.6289E-15,2.6483E-15,3.3677E-15,2.1433E-15,4.1635E-15,1.3759E-14,1.3973E-14,1.6382E-15,-1.983E-15,-1.6828E-15,-8.998401E-16,-1.6767E-16,-4.4352E-15,-8.8704E-16,6.281E-16,-1.6767E-16,-1.3921E-15,1.2305E-16,1.2305E-16,6.281E-16,5.1736E-15,4.6685E-15,-4.4224E-15,-3.4123E-15,1.6382E-15,3.7174E-17,0.0,0.0,0.0,0.0,0.0,0.0,0.0,0.0,0.0,0.0,0.0,0.0,0.0,0.0,0.0,0.0,0.0,0.0,0.0,0.0,0.0,0.0,0.0,0.0,0.0,0.0,0.0,0.0,0.0,0.0,
2018/08/28 16:35:21.38,"",0.0,0.0,0.0,0.0,0.0,0.0,0.0,0.0,0.0,0.0,-3.3776E-15,-4.2081E-15,3.6931E-15,8.2386E-15,1.9825E-11,5.8743E-14,6.2946E-12,3.0223E-12,1.302E-11,1.2279E-14,8.4662E-13,1.0258E-14,1.6284E-14,9.2487E-15,8.2386E-15,3.8727E-15,5.7133E-15,7.238E-14,5.0903E-10,3.7774E-12,1.244E-13,1.8844E-14,1.1796E-10,1.0217E-13,4.9914E-13,1.1679E-15,3.6016E-14,-8.5231E-16,1.3289E-14,1.4804E-14,1.0274E-11,2.1875E-14,1.3289E-14,2.79E-14,3.0874E-13,4.1635E-15,-1.6767E-16,-8.5231E-16,-4.4224E-15,1.5777E-16,-3.4726E-16,1.6729E-15,5.2083E-15,6.281E-16,3.1881E-15,9.719E-15,1.5309E-14,1.2784E-14,1.1679E-15,-8.5231E-16,3.1881E-15,4.7032E-15,-2.6929E-15,1.1679E-15,-1.6767E-16,-4.6289E-15,1.5777E-16,-3.4726E-16,2.1433E-15,4.1635E-15,7.7335E-15,1.6319E-14,1.6382E-15,2.178E-15,-1.6828E-15,1.1679E-15,2.683E-15,-4.4352E-15,-8.8704E-16,4.7032E-15,4.7032E-15,-1.3921E-15,1.2305E-16,1.2305E-16,2.683E-15,-2.8725E-15,-3.3776E-15,1.1679E-15,-3.4123E-15,1.6382E-15,1.1679E-15,0.0,0.0,0.0,0.0,0.0,0.0,0.0,0.0,0.0,0.0,0.0,0.0,0.0,0.0,0.0,0.0,0.0,0.0,0.0,0.0,0.0,0.0,0.0,0.0,0.0,0.0,0.0,0.0,0.0,0.0,
2018/08/28 16:35:52.41,"",0.0,0.0,0.0,0.0,0.0,0.0,0.0,0.0,0.0,0.0,-3.3776E-15,-4.2081E-15,1.8882E-15,5.9286E-15,1.9751E-11,5.8743E-14,6.2731E-12,3.019E-12,1.3009E-11,1.9059E-14,8.4481E-13,7.9488E-15,1.1989E-14,1.4009E-14,1.1989E-14,2.3932E-15,1.0979E-14,8.0171E-14,5.0614E-10,3.7609E-12,1.244E-13,1.5524E-14,1.1726E-10,1.0491E-13,4.9683E-13,-1.3204E-16,3.6016E-14,4.4134E-15,8.4538E-15,1.4804E-14,1.0249E-11,2.1875E-14,1.0979E-14,3.2696E-14,3.236E-13,4.1635E-15,5.9286E-15,6.4336E-15,1.3831E-15,1.5777E-16,2.3932E-15,-6.3709E-16,1.3831E-15,6.281E-16,1.3831E-15,7.9488E-15,1.5309E-14,7.4437E-15,2.3932E-15,-8.5231E-16,1.3831E-15,-2.1522E-15,2.3932E-15,1.1679E-15,2.3932E-15,-4.6289E-15,1.5777E-16,1.3831E-15,5.9286E-15,4.1635E-15,8.9589E-15,1.7544E-14,-2.1522E-15,2.178E-15,-1.6828E-15,-2.1522E-15,2.683E-15,-4.4352E-15,-8.8704E-16,-6.3709E-16,-1.1421E-15,5.4235E-15,2.3932E-15,1.2305E-16,4.4134E-15,5.9286E-15,-3.3776E-15,2.3932E-15,-3.4123E-15,-6.3709E-16,-1.6472E-15,0.0,0.0,0.0,0.0,0.0,0.0,0.0,0.0,0.0,0.0,0.0,0.0,0.0,0.0,0.0,0.0,0.0,0.0,0.0,0.0,0.0,0.0,0.0,0.0,0.0,0.0,0.0,0.0,0.0,0.0,
2018/08/28 16:36:23.93,"",0.0,0.0,0.0,0.0,0.0,0.0,0.0,0.0,0.0,0.0,3.599E-15,-4.2081E-15,7.6394E-15,5.9286E-15,1.9678E-11,5.7134E-14,6.251E-12,2.9929E-12,1.2884E-11,1.9059E-14,8.3693E-13,5.1141E-15,1.37E-14,6.6293E-15,1.1989E-14,7.1343E-15,1.0979E-14,7.7336E-14,5.044E-10,3.7485E-12,1.2632E-13,1.5524E-14,1.1692E-10,1.0491E-13,4.9683E-13,5.1141E-15,3.1881E-14,1.0737E-15,8.4538E-15,1.1679E-14,1.0198E-11,1.8245E-14,1.3194E-14,2.5821E-14,3.2178E-13,1.5788E-15,5.9286E-15,-9.4648E-16,5.6192E-15,1.5777E-16,5.6866E-16,1.0737E-15,-4.4143E-16,6.281E-16,1.3831E-15,7.9488E-15,1.774E-14,1.2689E-14,1.0737E-15,4.6091E-15,3.0939E-15,3.0939E-15,-3.9768E-15,4.104E-15,5.1141E-15,-4.6289E-15,1.5777E-16,1.3831E-15,2.0838E-15,-9.4648E-16,7.6394E-15,1.471E-14,2.0838E-15,4.6091E-15,1.0737E-15,3.599E-15,2.683E-15,1.5788E-15,4.104E-15,-6.3709E-16,-1.1421E-15,3.0939E-15,-1.9566E-15,1.2305E-16,6.1242E-15,3.0939E-15,4.6091E-15,2.3932E-15,1.5788E-15,-6.3709E-16,2.5889E-15,0.0,0.0,0.0,0.0,0.0,0.0,0.0,0.0,0.0,0.0,0.0,0.0,0.0,0.0,0.0,0.0,0.0,0.0,0.0,0.0,0.0,0.0,0.0,0.0,0.0,0.0,0.0,0.0,0.0,0.0,
2018/08/28 16:36:55.42,"",0.0,0.0,0.0,0.0,0.0,0.0,0.0,0.0,0.0,0.0,1.3434E-15,-4.2081E-15,7.6394E-15,7.404E-15,1.9598E-11,5.8919E-14,6.2447E-12,2.9957E-12,1.2859E-11,1.3464E-14,8.3417E-13,8.9192E-15,1.5989E-14,1.6494E-14,1.1989E-14,1.2959E-14,1.0979E-14,7.0535E-14,5.0234E-10,3.7326E-12,1.2632E-13,1.9525E-14,1.1634E-10,1.0184E-13,4.9275E-13,3.3331E-16,3.1881E-14,-3.7071E-15,6.899E-15,1.4979E-14,1.016E-11,1.4474E-14,1.3194E-14,2.5821E-14,3.2508E-13,6.3939E-15,4.8788E-15,1.3434E-15,8.3836E-16,1.5777E-16,2.8586E-15,3.3636E-15,-4.4143E-16,6.281E-16,4.8788E-15,6.3939E-15,9.9293E-15,9.9293E-15,2.3535E-15,-2.1919E-15,-1.6869E-15,-3.202E-15,-3.9768E-15,2.8586E-15,2.8586E-15,2.3535E-15,2.3535E-15,1.3831E-15,8.3836E-16,3.8687E-15,2.8586E-15,8.9192E-15,2.0838E-15,2.3535E-15,2.3535E-15,1.8485E-15,2.683E-15,3.8687E-15,4.104E-15,-6.3709E-16,1.3434E-15,-1.6869E-15,-1.9566E-15,3.3636E-15,1.3434E-15,4.3737E-15,-6.7678E-16,3.3331E-16,-4.7172E-15,-6.3709E-16,1.3434E-15,0.0,0.0,0.0,0.0,0.0,0.0,0.0,0.0,0.0,0.0,0.0,0.0,0.0,0.0,0.0,0.0,0.0,0.0,0.0,0.0,0.0,0.0,0.0,0.0,0.0,0.0,0.0,0.0,0.0,0.0,
2018/08/28 16:37:26.87,"",0.0,0.0,0.0,0.0,0.0,0.0,0.0,0.0,0.0,0.0,-5.1607E-15,1.4049E-15,1.2011E-14,5.9504E-15,1.9552E-11,5.494E-14,6.2301E-12,2.9685E-12,1.278E-11,1.6051E-14,8.2918E-13,1.3021E-14,1.2011E-14,1.9081E-14,1.1989E-14,6.9605E-15,6.9605E-15,7.0535E-14,5.0043E-10,3.7175E-12,1.3372E-13,1.9525E-14,1.1577E-10,1.0184E-13,4.9275E-13,3.3331E-16,3.8778E-14,1.4049E-15,8.9807E-15,5.4453E-15,1.0087E-11,2.0091E-14,8.9807E-15,2.0596E-14,3.2508E-13,6.3939E-15,3.9483E-16,-6.1526E-16,8.3836E-16,5.4453E-15,3.9302E-15,3.3636E-15,2.415E-15,6.281E-16,9.4857E-15,3.9302E-15,6.4554E-15,1.2011E-14,2.3535E-15,4.4352E-15,3.9302E-15,-3.202E-15,2.415E-15,3.9483E-16,3.9483E-16,2.3535E-15,4.4352E-15,8.9988E-16,3.4251E-15,2.415E-15,-4.1506E-15,8.9192E-15,2.0838E-15,-1.1203E-15,2.3535E-15,-6.1526E-16,-1.102E-16,3.9483E-16,-1.102E-16,1.4049E-15,-6.1526E-16,-1.6869E-15,-1.9566E-15,-1.6254E-15,-1.1203E-15,-2.1304E-15,-6.7678E-16,3.3331E-16,1.4049E-15,-6.3709E-16,2.415E-15,0.0,0.0,0.0,0.0,0.0,0.0,0.0,0.0,0.0,0.0,0.0,0.0,0.0,0.0,0.0,0.0,0.0,0.0,0.0,0.0,0.0,0.0,0.0,0.0,0.0,0.0,0.0,0.0,0.0,0.0,
2018/08/28 16:37:58.44,"",0.0,0.0,0.0,0.0,0.0,0.0,0.0,0.0,0.0,0.0,2.976E-15,-1.0644E-15,1.3582E-14,5.9504E-15,1.9479E-11,5.7521E-14,6.2191E-12,2.9539E-12,1.2672E-11,1.0046E-14,8.2317E-13,9.5417E-15,1.4087E-14,9.5417E-15,1.1989E-14,6.9605E-15,6.9605E-15,7.5198E-14,4.9734E-10,3.6923E-12,1.2671E-13,1.6107E-14,1.153E-10,9.6915E-14,4.9275E-13,2.471E-15,3.1258E-14,2.471E-15,8.9807E-15,6.5114E-15,1.0048E-11,2.2167E-14,8.9807E-15,2.1662E-14,3.2317E-13,6.3939E-15,4.9962E-15,4.4912E-15,8.3836E-16,-3.5896E-15,9.5581E-16,4.5077E-16,6.5114E-15,6.281E-16,2.471E-15,3.9302E-15,1.0046E-14,9.0366E-15,2.3535E-15,9.5581E-16,3.9302E-15,1.4609E-15,-3.5896E-15,3.9483E-16,3.9483E-16,2.3535E-15,1.9659E-15,8.9988E-16,6.0063E-15,2.415E-15,6.5114E-15,7.0164E-15,4.9962E-15,-1.1203E-15,4.5077E-16,-6.1526E-16,-1.102E-16,2.976E-15,-1.102E-16,2.471E-15,-6.1526E-16,1.9659E-15,-1.9566E-15,1.4609E-15,2.471E-15,8.0265E-15,5.5013E-15,3.3331E-16,2.471E-15,2.976E-15,4.5077E-16,0.0,0.0,0.0,0.0,0.0,0.0,0.0,0.0,0.0,0.0,0.0,0.0,0.0,0.0,0.0,0.0,0.0,0.0,0.0,0.0,0.0,0.0,0.0,0.0,0.0,0.0,0.0,0.0,0.0,0.0,
2018/08/28 16:38:29.93,"",0.0,0.0,0.0,0.0,0.0,0.0,0.0,0.0,0.0,0.0,-9.5253E-17,-1.0644E-15,9.5007E-15,5.9504E-15,1.9408E-11,5.546E-14,6.2044E-12,2.9433E-12,1.263E-11,1.5561E-14,8.1606E-13,9.5417E-15,1.6571E-14,9.5417E-15,1.1989E-14,4.4502E-15,1.152E-14,7.4147E-14,4.9659E-10,3.6923E-12,1.2818E-13,1.2026E-14,1.1493E-10,9.4854E-14,4.8525E-13,2.471E-15,3.5258E-14,7.9855E-15,1.2531E-14,6.5114E-15,1.0014E-11,1.6066E-14,1.4046E-14,2.3642E-14,3.2566E-13,6.3939E-15,2.43E-15,9.148401E-16,8.3836E-16,1.4199E-15,1.1015E-14,3.9451E-15,2.935E-15,6.281E-16,4.0979E-16,3.9302E-15,1.2026E-14,4.9553E-15,2.3535E-15,9.5581E-16,1.4199E-15,1.4609E-15,-3.5896E-15,3.9483E-16,1.4199E-15,-9.5253E-17,-2.6205E-15,3.9451E-15,-6.003E-16,4.0979E-16,1.4199E-15,7.0164E-15,1.9249E-15,3.4401E-15,4.5077E-16,2.43E-15,-1.102E-16,-2.6205E-15,-1.102E-16,9.148401E-16,5.9653E-15,9.148401E-16,-1.9566E-15,-9.5253E-17,2.471E-15,8.0265E-15,-5.6508E-15,3.3331E-16,-4.1357E-15,5.9653E-15,2.935E-15,0.0,0.0,0.0,0.0,0.0,0.0,0.0,0.0,0.0,0.0,0.0,0.0,0.0,0.0,0.0,0.0,0.0,0.0,0.0,0.0,0.0,0.0,0.0,0.0,0.0,0.0,0.0,0.0,0.0,0.0,
2018/08/28 16:39:08.54,"",0.0,0.0,0.0,0.0,0.0,0.0,0.0,0.0,0.0,0.0,-2.3364E-15,6.2495E-15,9.5007E-15,8.7747E-15,1.938E-11,5.9784E-14,6.2077E-12,2.9421E-12,1.2585E-11,1.837E-14,8.0675E-13,9.5417E-15,1.433E-14,9.5417E-15,9.7848E-15,2.2091E-15,1.152E-14,7.4147E-14,4.924E-10,3.6527E-12,1.2818E-13,2.039E-14,1.1422E-10,9.9683E-14,4.82E-13,-8.2121E-16,3.3017E-14,5.2394E-15,1.2531E-14,1.13E-14,9.9532E-12,1.6066E-14,1.1805E-14,2.3642E-14,3.2566E-13,6.3939E-15,2.43E-15,9.148401E-16,5.2394E-15,-5.8717E-15,-8.2121E-16,2.2091E-15,1.8888E-16,1.704E-15,2.7141E-15,2.7141E-15,3.2192E-15,1.1805E-14,1.8888E-16,9.5581E-16,1.4199E-15,1.8888E-16,-3.5896E-15,3.9483E-16,-3.3465E-15,-9.5253E-17,3.2192E-15,3.9451E-15,2.7141E-15,2.2091E-15,7.7646E-15,7.0164E-15,-3.3465E-15,-8.2121E-16,4.5077E-16,-1.3263E-15,-1.102E-16,-2.6205E-15,-1.102E-16,9.148401E-16,1.8888E-16,2.7141E-15,-1.9566E-15,1.199E-15,2.471E-15,6.9393E-16,2.7141E-15,3.3331E-16,-4.1357E-15,-5.8717E-15,-8.2121E-16,0.0,0.0,0.0,0.0,0.0,0.0,0.0,0.0,0.0,0.0,0.0,0.0,0.0,0.0,0.0,0.0,0.0,0.0,0.0,0.0,0.0,0.0,0.0,0.0,0.0,0.0,0.0,0.0,0.0,0.0,
2018/08/28 16:39:39.53,"",0.0,0.0,0.0,0.0,0.0,0.0,0.0,0.0,0.0,0.0,4.6253E-15,4.1203E-15,9.5007E-15,7.6556E-15,1.9306E-11,5.2605E-14,6.1849E-12,2.9202E-12,1.2502E-11,1.5736E-14,8.0675E-13,5.1304E-15,1.433E-14,7.6556E-15,9.7848E-15,5.1304E-15,1.152E-14,7.5332E-14,4.9012E-10,3.6404E-12,1.2818E-13,1.7756E-14,1.1355E-10,9.8059E-14,4.8391E-13,6.6455E-15,3.5433E-14,3.6152E-15,1.6241E-14,1.018E-14,9.8925E-12,1.4726E-14,6.6455E-15,1.9776E-14,3.2684E-13,6.3939E-15,7.9885E-17,3.6152E-15,-9.3021E-16,3.6152E-15,4.6253E-15,2.2091E-15,1.8888E-16,1.704E-15,7.6556E-15,2.7141E-15,1.3211E-14,1.0686E-14,1.8888E-16,2.6051E-15,1.4199E-15,1.8888E-16,-3.5896E-15,3.9483E-16,2.1001E-15,3.1102E-15,2.1001E-15,3.9451E-15,1.09E-15,4.1203E-15,7.7646E-15,7.0164E-15,-3.3465E-15,1.1696E-14,4.5077E-16,2.6051E-15,3.1102E-15,-2.6205E-15,1.595E-15,2.1001E-15,2.6051E-15,-5.9807E-15,3.6152E-15,-4.2516E-16,5.1304E-15,6.9393E-16,1.595E-15,4.6253E-15,-4.1357E-15,5.1304E-15,-8.2121E-16,0.0,0.0,0.0,0.0,0.0,0.0,0.0,0.0,0.0,0.0,0.0,0.0,0.0,0.0,0.0,0.0,0.0,0.0,0.0,0.0,0.0,0.0,0.0,0.0,0.0,0.0,0.0,0.0,0.0,0.0,
2018/08/28 16:40:11.06,"",0.0,0.0,0.0,0.0,0.0,0.0,0.0,0.0,0.0,0.0,-4.4269E-15,4.1203E-15,1.3754E-14,2.6438E-15,1.9275E-11,5.8199E-14,6.1814E-12,2.9076E-12,1.2439E-11,2.032E-14,7.9658E-13,1.426E-14,1.433E-14,7.6556E-15,8.1993E-15,6.6842E-15,1.152E-14,6.628E-14,4.8914E-10,3.6278E-12,1.2688E-13,1.628E-14,1.1322E-10,9.9108E-14,4.8597E-13,5.169E-15,3.9512E-14,3.6152E-15,1.2744E-14,1.1229E-14,9.8667E-12,1.6785E-14,8.7044E-15,1.527E-14,3.289E-13,5.169E-15,3.6539E-15,3.6152E-15,-9.3021E-16,3.6152E-15,-3.8651E-16,-1.9017E-15,1.8888E-16,1.704E-15,-8.9155E-16,6.6842E-15,1.1229E-14,1.3754E-14,1.8888E-16,-3.8651E-16,-6.9522E-15,1.6337E-15,1.1286E-15,2.6438E-15,3.1488E-15,1.1286E-15,2.1001E-15,6.2359E-16,3.6539E-15,5.169E-15,7.7646E-15,4.1589E-15,2.1387E-15,1.6337E-15,4.5077E-16,5.6741E-15,-3.8651E-16,2.1387E-15,-2.4067E-15,2.1001E-15,5.169E-15,-5.9807E-15,-3.8651E-16,3.1488E-15,6.2359E-16,4.664E-15,3.1488E-15,2.1387E-15,-4.1357E-15,-1.9017E-15,-8.2121E-16,0.0,0.0,0.0,0.0,0.0,0.0,0.0,0.0,0.0,0.0,0.0,0.0,0.0,0.0,0.0,0.0,0.0,0.0,0.0,0.0,0.0,0.0,0.0,0.0,0.0,0.0,0.0,0.0,0.0,0.0,
2018/08/28 16:40:42.64,"",0.0,0.0,0.0,0.0,0.0,0.0,0.0,0.0,0.0,0.0,-4.4269E-15,-1.0401E-15,8.5559E-15,-2.9978E-17,1.9229E-11,5.4515E-14,6.1706E-12,2.911E-12,1.2459E-11,1.4616E-14,7.9188E-13,7.0407E-15,1.0071E-14,1.1081E-14,7.0407E-15,6.6842E-15,1.3606E-14,6.8151E-14,4.8811E-10,3.6206E-12,1.237E-13,1.4616E-14,1.1301E-10,9.9108E-14,4.732E-13,5.169E-15,3.5828E-14,-3.0603E-15,6.0306E-15,2.4953E-15,9.8641E-12,1.3606E-14,1.2596E-14,1.9161E-14,3.2421E-13,7.5458E-15,9.8011E-16,-2.5552E-15,-9.3021E-16,-2.9978E-17,5.0205E-15,-1.9017E-15,1.8888E-16,-1.5451E-15,-8.9155E-16,4.5155E-15,8.5559E-15,7.0407E-15,1.8888E-16,-3.8651E-16,-6.9522E-15,5.0205E-15,-2.0502E-15,2.6438E-15,-1.5451E-15,-6.0906E-15,-2.9978E-17,6.2359E-16,4.7507E-16,4.0104E-15,4.0104E-15,1.0576E-14,-5.3503E-16,1.6337E-15,6.5357E-15,-3.0603E-15,5.5256E-15,-2.5552E-15,-2.4067E-15,2.1001E-15,4.7507E-16,-5.9807E-15,-3.8651E-16,1.4852E-15,6.2359E-16,-1.5451E-15,-2.0502E-15,2.1387E-15,-4.1357E-15,8.5559E-15,4.5155E-15,0.0,0.0,0.0,0.0,0.0,0.0,0.0,0.0,0.0,0.0,0.0,0.0,0.0,0.0,0.0,0.0,0.0,0.0,0.0,0.0,0.0,0.0,0.0,0.0,0.0,0.0,0.0,0.0,0.0,0.0,
2018/08/28 16:41:14.29,"",0.0,0.0,0.0,0.0,0.0,0.0,0.0,0.0,0.0,0.0,-4.4269E-15,-1.0401E-15,1.1634E-14,2.5439E-15,1.9195E-11,5.6584E-14,6.1611E-12,2.904E-12,1.2407E-11,1.921E-14,7.884E-13,9.1096E-15,1.5675E-14,1.1081E-14,7.0407E-15,6.6842E-15,6.0793E-15,7.2745E-14,4.8626E-10,3.602E-12,1.237E-13,1.2644E-14,1.1247E-10,9.9108E-14,4.8133E-13,2.0389E-15,3.0826E-14,1.5338E-15,3.049E-15,4.5641E-15,9.8212E-12,8.0995E-15,9.1096E-15,1.3655E-14,3.2421E-13,5.5742E-15,3.554E-15,2.5439E-15,-9.3021E-16,-2.9978E-17,5.0205E-15,1.5338E-15,1.8888E-16,-1.5451E-15,-8.9155E-16,1.5338E-15,9.6146E-15,9.1096E-15,1.8888E-16,-3.8651E-16,-6.9522E-15,2.0389E-15,1.0288E-15,4.5641E-15,-1.5451E-15,3.554E-15,2.0389E-15,6.2359E-16,4.7507E-16,-3.0116E-15,4.0104E-15,6.0793E-15,3.049E-15,1.6337E-15,-4.5268E-15,-3.0603E-15,-4.0217E-15,-2.5552E-15,3.554E-15,-2.0015E-15,1.5338E-15,-5.9807E-15,1.5338E-15,3.554E-15,6.2359E-16,-1.5451E-15,-2.0502E-15,-1.4965E-15,-4.1357E-15,1.8661E-17,2.5439E-15,0.0,0.0,0.0,0.0,0.0,0.0,0.0,0.0,0.0,0.0,0.0,0.0,0.0,0.0,0.0,0.0,0.0,0.0,0.0,0.0,0.0,0.0,0.0,0.0,0.0,0.0,0.0,0.0,0.0,0.0,
2018/08/28 16:41:45.83,"",0.0,0.0,0.0,0.0,0.0,0.0,0.0,0.0,0.0,0.0,-4.4269E-15,6.399E-15,1.1634E-14,3.3835E-16,1.9098E-11,5.3368E-14,6.1503E-12,2.876E-12,1.2314E-11,2.054E-14,7.8468E-13,9.1096E-15,1.0439E-14,1.2459E-14,1.0439E-14,7.9141E-15,7.9141E-15,6.8015E-14,4.8357E-10,3.5897E-12,1.2003E-13,1.2644E-14,1.12E-10,9.4782E-14,4.7256E-13,3.8737E-15,3.2661E-14,-2.6919E-15,9.4293E-15,1.0439E-14,9.7569E-12,1.1449E-14,9.1096E-15,6.399E-15,3.2963E-13,8.4192E-15,5.3889E-15,-1.6818E-15,-9.3021E-16,2.3586E-15,8.4341E-16,8.4341E-16,1.8888E-16,-1.5451E-15,6.904E-15,1.5338E-15,5.3889E-15,1.0439E-14,3.3687E-15,-3.8651E-16,5.8939E-15,-6.7323E-15,1.0288E-15,-2.1869E-15,3.3687E-15,-1.6818E-15,2.0389E-15,3.3687E-15,4.7507E-16,-3.0116E-15,7.4091E-15,2.3586E-15,-1.6818E-15,-1.6668E-16,-4.5268E-15,-3.0603E-15,-4.0217E-15,-2.5552E-15,1.3485E-15,1.3485E-15,8.4341E-16,4.3788E-15,1.5338E-15,6.399E-15,6.2359E-16,-1.5451E-15,2.3586E-15,-1.4965E-15,2.3586E-15,1.8661E-17,-1.6818E-15,0.0,0.0,0.0,0.0,0.0,0.0,0.0,0.0,0.0,0.0,0.0,0.0,0.0,0.0,0.0,0.0,0.0,0.0,0.0,0.0,0.0,0.0,0.0,0.0,0.0,0.0,0.0,0.0,0.0,0.0,
2018/08/28 16:42:17.40,"",0.0,0.0,0.0,0.0,0.0,0.0,0.0,0.0,0.0,0.0,1.0881E-15,2.0982E-15,1.1634E-14,4.1184E-15,1.9044E-11,5.4623E-14,6.1298E-12,2.8556E-12,1.219E-11,1.8259E-14,7.7583E-13,7.6538E-15,1.2704E-14,1.2459E-14,8.1588E-15,7.9141E-15,7.9141E-15,6.8015E-14,4.8086E-10,3.5672E-12,1.2003E-13,1.6744E-14,1.1136E-10,9.4782E-14,4.7634E-13,3.8737E-15,3.2661E-14,-2.6919E-15,7.6538E-15,6.1386E-15,9.7329E-12,1.1449E-14,5.6336E-15,1.4219E-14,3.2533E-13,7.1487E-15,1.0881E-15,-1.6818E-15,4.1184E-15,4.6235E-15,5.1285E-15,8.4341E-16,6.1386E-15,-1.5451E-15,-9.3206E-16,4.1184E-15,5.3889E-15,-4.2701E-16,-1.4371E-15,-3.8651E-16,5.8308E-16,-6.7323E-15,-1.4371E-15,-2.1869E-15,-1.9422E-15,-1.6818E-15,-2.9523E-15,2.0982E-15,4.7507E-16,3.6134E-15,6.1386E-15,4.6235E-15,2.6033E-15,1.0881E-15,-4.5268E-15,3.1083E-15,-4.0217E-15,-2.5552E-15,-8.0028E-15,-9.3206E-16,8.4341E-16,4.3788E-15,1.5338E-15,4.1184E-15,6.2359E-16,1.0881E-15,1.0881E-15,2.0982E-15,-1.4371E-15,1.8661E-17,-1.6818E-15,0.0,0.0,0.0,0.0,0.0,0.0,0.0,0.0,0.0,0.0,0.0,0.0,0.0,0.0,0.0,0.0,0.0,0.0,0.0,0.0,0.0,0.0,0.0,0.0,0.0,0.0,0.0,0.0,0.0,0.0,
